val_loss,loss
177.37271118164062,181.23268127441406
169.50790405273438,176.84097290039062
